date,SOX,TWII,DXY,USDTWD,US10Y,VIX,NASDAQ,ETF0050,foreign_net_bil,invest_net_bil,dealer_net_bil,margin_balance,short_balance,TXF_net,MXF_net,top5_net,top10_net,opt_call_net,opt_put_net,opt_net
2024-01-01,,,,30.682100296020508,,,,,,,,,,,,,,,,
2024-01-02,4023.0400390625,17853.759765625,102.19999694824219,30.66860008239746,3.946000099182129,13.199999809265137,14765.9404296875,31.668649673461914,,,,7999081.0,359738.0,-717.0,-6798.0,999998.0,351.0,-153078.0,-154406.0,1328.0
2024-01-03,3941.2099609375,17559.310546875,102.45999908447266,30.878999710083008,3.9070000648498535,14.039999961853027,14592.2099609375,31.116973876953125,,,,8012556.0,369678.0,-5331.0,-14585.0,999998.0,341.0,-282005.0,-279293.0,-2712.0
2024-01-04,3908.85009765625,17549.650390625,102.41999816894531,31.041900634765625,3.990999937057495,14.130000114440918,14510.2998046875,31.105234146118164,,,,8026373.0,371823.0,3563.0,9336.0,999998.0,358.0,-159073.0,-151363.0,-7710.0
2024-01-05,3933.489990234375,17519.140625,102.41000366210938,31.054000854492188,4.041999816894531,13.350000381469727,14524.0703125,31.023067474365234,,,,8029646.0,358368.0,786.0,-1605.0,999998.0,381.0,-158887.0,-161294.0,2407.0
2024-01-08,4062.47998046875,17572.66015625,102.20999908447266,30.95199966430664,4.001999855041504,13.079999923706055,14843.76953125,31.163923263549805,,,,8024546.0,343455.0,891.0,2075.0,999998.0,425.0,-194714.0,-205505.0,10791.0
2024-01-09,4064.64990234375,17535.490234375,102.56999969482422,30.72100067138672,4.019000053405762,12.760000228881836,14857.7099609375,31.222614288330078,,,,8039255.0,336246.0,-5469.0,-4321.0,999998.0,369.0,-257420.0,-251597.0,-5823.0
2024-01-10,4048.840087890625,17465.630859375,102.36000061035156,31.061100006103516,4.03000020980835,12.6899995803833,14969.650390625,31.05828285217285,,,,8008256.0,318177.0,-295.0,-1401.0,999998.0,250.0,-294810.0,-288754.0,-6056.0
2024-01-11,4067.89990234375,17545.3203125,102.29000091552734,31.117799758911133,3.9769999980926514,12.4399995803833,14970.1904296875,31.187402725219727,,,,7981559.0,295498.0,-754.0,5735.0,999998.0,311.0,-199745.0,-168475.0,-31270.0
2024-01-12,4052.429931640625,17512.830078125,102.4000015258789,30.893999099731445,3.950000047683716,12.699999809265137,14972.759765625,31.140445709228516,,,,7993700.0,289731.0,-1096.0,-3302.0,999998.0,298.0,-316261.0,-266309.0,-49952.0
2024-01-15,,17546.8203125,,31.075599670410156,,,,31.140445709228516,,,,7972549.0,288750.0,4636.0,5194.0,999998.0,262.0,-228626.0,-235366.0,6740.0
2024-01-16,4105.93994140625,17346.869140625,103.36000061035156,31.19499969482422,4.065999984741211,13.84000015258789,14944.349609375,30.905691146850586,,,,7996869.0,295543.0,4505.0,-2169.0,999998.0,281.0,-287405.0,-278668.0,-8737.0
2024-01-17,4069.949951171875,17161.7890625,103.44999694824219,31.45800018310547,4.105999946594238,14.789999961853027,14855.6201171875,30.617412567138672,,,,8022822.0,293725.0,-2910.0,-12079.0,999998.0,387.0,-425502.0,-417563.0,-7939.0
2024-01-18,4206.52001953125,17227.7890625,103.54000091552734,31.542499542236328,4.144000053405762,14.130000114440918,15055.650390625,30.821611404418945,,,,8011254.0,279611.0,874.0,6664.0,999998.0,445.0,-189421.0,-185214.0,-4207.0
2024-01-19,4375.64990234375,17681.51953125,103.29000091552734,31.58060073852539,4.145999908447266,13.300000190734863,15310.9697265625,31.92667007446289,,,,7983162.0,285537.0,8759.0,24096.0,999998.0,449.0,-262364.0,-233141.0,-29223.0
2024-01-22,4386.60009765625,17815.099609375,103.33000183105469,31.383800506591797,4.093999862670898,13.1899995803833,15360.2900390625,32.142879486083984,,,,7999540.0,287310.0,-4241.0,-6907.0,999998.0,453.0,-190440.0,-175551.0,-14889.0
2024-01-23,4415.259765625,17874.58984375,103.62000274658203,31.368000030517578,4.142000198364258,12.550000190734863,15425.9404296875,32.20294189453125,,,,8011377.0,287587.0,5407.0,6463.0,999998.0,476.0,-119948.0,-120198.0,250.0
2024-01-24,4483.330078125,17875.830078125,103.23999786376953,31.395000457763672,4.177999973297119,13.140000343322754,15481.919921875,32.190921783447266,,,,8001915.0,290372.0,964.0,895.0,999998.0,524.0,-130367.0,-113275.0,-17092.0
2024-01-25,4472.259765625,18002.619140625,103.56999969482422,31.29199981689453,4.131999969482422,13.449999809265137,15510.5,32.58730697631836,,,,8037457.0,294804.0,3871.0,237.0,999998.0,457.0,-156401.0,-165565.0,9164.0
2024-01-26,4342.10009765625,17995.029296875,103.47000122070312,31.315000534057617,4.159999847412109,13.260000228881836,15455.3603515625,32.58730697631836,,,,8014781.0,299028.0,1030.0,611.0,999998.0,466.0,-151799.0,-152792.0,993.0
2024-01-29,4388.27001953125,18119.630859375,103.61000061035156,31.273099899291992,4.091000080108643,13.600000381469727,15628.0400390625,32.79150390625,,,,8005995.0,296141.0,-1056.0,4599.0,999998.0,496.0,-140181.0,-140794.0,613.0
2024-01-30,4319.990234375,18034.630859375,103.4000015258789,31.184999465942383,4.059000015258789,13.3100004196167,15509.900390625,32.707420349121094,,,,7978822.0,298269.0,-2502.0,-9025.0,999998.0,479.0,-129601.0,-125765.0,-3836.0
2024-01-31,4260.919921875,17889.560546875,103.2699966430664,31.159099578857422,3.9670000076293945,14.350000381469727,15164.009765625,32.27500915527344,,,,7991183.0,290679.0,-2396.0,-6696.0,999998.0,478.0,-193202.0,-198309.0,5107.0
2024-02-01,4280.47998046875,17968.109375,103.05000305175781,31.2450008392334,3.86299991607666,13.880000114440918,15361.6396484375,32.27500915527344,1858.98785,0.0,352.551,7983231.0,278728.0,-1995.0,3349.0,999998.0,482.0,-183499.0,-180128.0,-3371.0
2024-02-02,4336.72998046875,18059.9296875,103.91999816894531,31.233999252319336,4.0329999923706055,13.850000381469727,15628.9501953125,32.45518112182617,-386.84612,0.0,284.65434,7936903.0,279009.0,-1774.0,350.0,999998.0,534.0,-130153.0,-135673.0,5520.0
2024-02-05,4388.10009765625,18096.0703125,104.44999694824219,31.3257999420166,4.164000034332275,13.670000076293945,15597.6796875,32.65937423706055,-2211.76289,0.0,308.865,7916361.0,270944.0,642.0,-1720.0,999998.0,615.0,-141064.0,-138468.0,-2596.0
2024-02-06,4338.27001953125,,104.18000030517578,31.340299606323242,4.090000152587891,13.0600004196167,15609.0,,,,,,,,,,,,,
2024-02-07,4408.72998046875,,104.04000091552734,31.20199966430664,4.110000133514404,12.829999923706055,15756.6396484375,,,,,,,,,,,,,
2024-02-08,4478.009765625,,104.1500015258789,31.36680030822754,4.170000076293945,12.789999961853027,15793.7099609375,,,,,,,,,,,,,
2024-02-09,4567.2998046875,,104.08000183105469,31.303300857543945,4.186999797821045,12.930000305175781,15990.66015625,,,,,,,,,,,,,
2024-02-12,4560.0400390625,,104.16999816894531,31.367799758911133,4.171999931335449,13.930000305175781,15942.5498046875,,,,,,,,,,,,,
2024-02-13,4468.18017578125,,104.95999908447266,31.288400650024414,4.315999984741211,15.850000381469727,15655.599609375,,,,,,,,,,,,,
2024-02-14,4565.41015625,,104.72000122070312,31.468700408935547,4.267000198364258,14.380000114440918,15859.150390625,,,,,,,,,,,,,
2024-02-15,4558.10009765625,18644.5703125,104.30000305175781,31.34510040283203,4.239999771118164,14.010000228881836,15906.169921875,34.19685363769531,3128.9766,0.0,278.16698,7866188.0,251910.0,2797.0,5491.0,999998.0,652.0,-114004.0,-115242.0,1238.0
2024-02-16,4527.68017578125,18607.25,104.27999877929688,31.262699127197266,4.295000076293945,14.239999771118164,15775.650390625,33.944610595703125,3539.45292,0.0,188.93933,7879004.0,270855.0,-4058.0,-4613.0,999998.0,634.0,-142925.0,-147197.0,4272.0
2024-02-19,,18635.80078125,,31.333200454711914,,,,33.89656448364258,1244.07891,0.0,648.98267,7866517.0,286898.0,3227.0,4080.0,999998.0,653.0,-108570.0,-117989.0,9419.0
2024-02-20,4456.8701171875,18753.16015625,104.08000183105469,31.402099609375,4.275000095367432,15.420000076293945,15630.7802734375,34.028690338134766,-536.97679,0.0,233.662,7904458.0,267576.0,5289.0,7875.0,999998.0,654.0,-120842.0,-105936.0,-14906.0
2024-02-21,4446.35986328125,18676.310546875,104.01000213623047,31.37779998779297,4.324999809265137,15.34000015258789,15580.8701171875,33.92058563232422,-866.1023,0.0,313.88575,7947312.0,265370.0,-5653.0,-11776.0,999998.0,640.0,-203574.0,-181810.0,-21764.0
2024-02-22,4667.3701171875,18852.779296875,103.95999908447266,31.426300048828125,4.327000141143799,14.539999961853027,16041.6201171875,34.304954528808594,-223.62573,0.0,318.65948,7929746.0,273338.0,664.0,3855.0,999998.0,656.0,-144078.0,-126379.0,-17699.0
2024-02-23,4615.02978515625,18889.189453125,103.94000244140625,31.45400047302246,4.260000228881836,13.75,15996.8203125,34.53317642211914,34.76045,0.0,163.305,7978150.0,271010.0,1061.0,-5073.0,999998.0,706.0,-176775.0,-189760.0,12985.0
2024-02-26,4663.47021484375,18948.05078125,103.83000183105469,31.601999282836914,4.298999786376953,13.739999771118164,15976.25,34.58122253417969,-1475.0499,0.0,207.35609,7946785.0,266317.0,2005.0,5588.0,999998.0,745.0,-157216.0,-148495.0,-8721.0
2024-02-27,4654.89013671875,18854.41015625,103.83000183105469,31.5487003326416,4.315000057220459,13.430000305175781,16035.2998046875,34.43708419799805,-2438.65955,0.0,182.38549,7977360.0,266577.0,-2340.0,-8413.0,999998.0,728.0,-294887.0,-287682.0,-7205.0
2024-02-28,4602.60009765625,,103.9800033569336,31.576000213623047,4.27400016784668,13.84000015258789,15947.740234375,,,,,,,,,,,,,
2024-02-29,4726.919921875,18966.76953125,104.16000366210938,31.647899627685547,4.251999855041504,13.399999618530273,16091.919921875,34.425071716308594,506.6849,0.0,253.6926,7956467.0,260689.0,-178.0,7299.0,999998.0,718.0,-166026.0,-150946.0,-15080.0
2024-03-01,4929.580078125,18935.9296875,103.86000061035156,31.614900588989258,4.179999828338623,13.109999656677246,16274.9404296875,34.304954528808594,-1475.35156,0.0,368.33208,7998653.0,270477.0,-5115.0,-4808.0,999998.0,759.0,-159372.0,-157977.0,-1395.0
2024-03-04,4981.97021484375,19305.310546875,103.83000183105469,31.55929946899414,4.218999862670898,13.489999771118164,16207.509765625,35.30191421508789,62.64698,0.0,935.7048,8000931.0,271418.0,5484.0,11423.0,999998.0,800.0,-196987.0,-197942.0,955.0
2024-03-05,4879.830078125,19386.919921875,103.80000305175781,31.509300231933594,4.13700008392334,14.460000038146973,15939.58984375,35.59019088745117,-883.37522,0.0,581.61,,,-655.0,-5398.0,999998.0,801.0,-227848.0,-206228.0,-21620.0
2024-03-06,4997.93017578125,19499.44921875,103.37000274658203,31.54050064086914,4.104000091552734,14.5,16031.5400390625,35.758358001708984,380.04232,0.0,653.495,8053727.0,269463.0,-10.0,4296.0,999998.0,800.0,-210083.0,-209538.0,-545.0
2024-03-07,5165.830078125,19693.51953125,102.81999969482422,31.464000701904297,4.0920000076293945,14.4399995803833,16273.3798828125,36.5871467590332,-504.11312,0.0,513.84776,8076458.0,272738.0,-278.0,-4960.0,999998.0,755.0,-318369.0,-335726.0,17357.0
2024-03-08,4957.77978515625,19785.3203125,102.73999786376953,31.434799194335938,4.089000225067139,14.739999771118164,16085.1103515625,37.10364532470703,3567.31624,0.0,607.03,8052860.0,261517.0,-4622.0,-7875.0,999998.0,730.0,-615242.0,-622111.0,6869.0
2024-03-11,4890.2001953125,19726.080078125,102.87000274658203,31.452999114990234,4.104000091552734,15.220000267028809,16019.26953125,36.731285095214844,1701.1076,0.0,555.88026,8020343.0,245663.0,-2691.0,-4327.0,999998.0,713.0,-551796.0,-560125.0,8329.0
2024-03-12,4992.509765625,19914.55078125,102.95999908447266,31.362199783325195,4.15500020980835,13.84000015258789,16265.6396484375,37.115657806396484,2342.36815,0.0,738.657,8070244.0,244415.0,-1556.0,5313.0,999998.0,666.0,-242184.0,-256673.0,14489.0
2024-03-13,4868.9501953125,19928.509765625,102.79000091552734,31.398799896240234,4.191999912261963,13.75,16177.76953125,37.295833587646484,199.24612,0.0,1160.81112,8113705.0,242962.0,-1023.0,-3003.0,999998.0,616.0,-292414.0,-303517.0,11103.0
2024-03-14,4783.64990234375,19937.919921875,103.36000061035156,31.406600952148438,4.297999858856201,14.399999618530273,16128.5302734375,37.259796142578125,-983.4074,0.0,791.355,8133616.0,229168.0,538.0,3014.0,999998.0,662.0,-356094.0,-350794.0,-5300.0
2024-03-15,4757.7099609375,19682.5,103.43000030517578,31.525999069213867,4.303999900817871,14.40999984741211,15973.169921875,36.75531005859375,-2166.29048,0.0,1260.14407,8205819.0,224128.0,-3100.0,-7796.0,999998.0,663.0,-339831.0,-339966.0,135.0
2024-03-18,4757.60009765625,19879.849609375,103.58000183105469,31.603700637817383,4.340000152587891,14.329999923706055,16103.4501953125,37.09163284301758,-1315.24138,0.0,1337.14,8245280.0,213697.0,1304.0,5698.0,999998.0,717.0,-234350.0,-221812.0,-12538.0
2024-03-19,4712.81005859375,19857.19921875,103.80999755859375,31.641000747680664,4.296999931335449,13.819999694824219,16166.7900390625,37.0075569152832,-1521.98519,0.0,2853.0,8293254.0,196398.0,-566.0,-2465.0,999998.0,745.0,-280234.0,-263455.0,-16779.0
2024-03-20,4788.18017578125,19784.44921875,103.41000366210938,31.73040008544922,4.2729997634887695,13.039999961853027,16369.41015625,36.80335235595703,-4683.5041,0.0,2042.79646,8354869.0,185546.0,-2758.0,-2935.0,999998.0,380.0,-308228.0,-309685.0,1457.0
2024-03-21,4897.8798828125,20199.08984375,104.0,31.76219940185547,4.270999908447266,12.920000076293945,16401.83984375,37.81232452392578,3901.94486,0.0,1588.34747,8386289.0,174668.0,7249.0,14884.0,999998.0,372.0,-185183.0,-195568.0,10385.0
2024-03-22,4908.259765625,20228.4296875,104.43000030517578,31.882999420166016,4.2179999351501465,13.0600004196167,16428.8203125,37.764278411865234,-499.9193,0.0,909.65124,8412401.0,165762.0,-8151.0,-16392.0,999998.0,535.0,-293169.0,-281781.0,-11388.0
2024-03-25,4891.490234375,20192.25,104.2300033569336,31.934999465942383,4.252999782562256,13.1899995803833,16384.470703125,37.83634567260742,-1229.74791,0.0,649.256,8487397.0,144569.0,256.0,2322.0,999998.0,589.0,-212074.0,-198438.0,-13636.0
2024-03-26,4851.8798828125,20126.490234375,104.29000091552734,31.733999252319336,4.234000205993652,13.239999771118164,16315.7001953125,37.86037063598633,-1.71298,0.0,969.66,8504817.0,139845.0,-1310.0,-850.0,999998.0,640.0,-551864.0,-556358.0,4494.0
2024-03-27,4899.9501953125,20200.119140625,104.3499984741211,31.885299682617188,4.196000099182129,12.779999732971191,16399.51953125,37.87238311767578,347.27203,0.0,1565.62,8399437.0,144198.0,3124.0,2457.0,999998.0,651.0,-192591.0,-191851.0,-740.0
2024-03-28,4905.2099609375,20146.55078125,104.55000305175781,31.979400634765625,4.205999851226807,13.010000228881836,16379.4599609375,37.69220733642578,-3156.182,0.0,2465.45916,8465781.0,147169.0,-2398.0,-7081.0,999998.0,698.0,-271112.0,-273220.0,2108.0
2024-03-29,,20294.44921875,,32.01810073852539,,,,37.90842056274414,1510.84443,0.0,5403.02,8494290.0,154833.0,4975.0,5075.0,999998.0,705.0,-200107.0,-206645.0,6538.0
2024-04-01,4962.10009765625,20222.330078125,105.0199966430664,31.93400001525879,4.328999996185303,13.649999618530273,16396.830078125,37.81232452392578,-393.23701,0.0,604.33,8398628.0,173147.0,-3569.0,-4874.0,999998.0,708.0,-245680.0,-243650.0,-2030.0
2024-04-02,4886.93994140625,20466.5703125,104.81999969482422,32.01499938964844,4.364999771118164,14.609999656677246,16240.4501953125,38.35284423828125,-1196.55377,0.0,645.0,8404825.0,175649.0,6901.0,16435.0,999998.0,749.0,-201018.0,-213909.0,12891.0
2024-04-03,4903.5,20337.599609375,104.25,32.03900146484375,4.355000019073486,14.329999923706055,16277.4599609375,38.088592529296875,-4857.42593,0.0,493.203,8452775.0,171715.0,-9039.0,-20548.0,999998.0,737.0,-338044.0,-316576.0,-21468.0
2024-04-04,4756.06982421875,,104.12000274658203,31.968700408935547,4.309000015258789,16.350000381469727,16049.080078125,,,,,,,,,,,,,
2024-04-05,4819.1298828125,,104.30000305175781,32.04800033569336,4.377999782562256,16.030000686645508,16248.51953125,,,,,,,,,,,,,
2024-04-08,4825.39013671875,20417.69921875,104.13999938964844,32.11119842529297,4.423999786376953,15.1899995803833,16253.9599609375,38.3047981262207,-842.77633,0.0,559.48,8496073.0,156851.0,1635.0,7740.0,999998.0,795.0,-192262.0,-189935.0,-2327.0
2024-04-09,4870.81005859375,20796.19921875,104.1500015258789,32.07279968261719,4.366000175476074,14.979999542236328,16306.6396484375,39.21767807006836,3599.56234,0.0,364.74,8508332.0,153487.0,9172.0,13407.0,999998.0,796.0,-237092.0,-236890.0,-202.0
2024-04-10,4790.35009765625,20763.529296875,105.25,31.96619987487793,4.559999942779541,15.800000190734863,16170.3603515625,39.15761947631836,2170.27263,0.0,391.41,8549506.0,151534.0,-6875.0,-11192.0,999998.0,790.0,-240632.0,-238533.0,-2099.0
2024-04-11,4906.3701171875,20753.220703125,105.27999877929688,32.18299865722656,4.576000213623047,14.90999984741211,16442.19921875,39.03750228881836,-3548.45596,0.0,475.33,8503699.0,156402.0,-8986.0,-11878.0,999998.0,808.0,-529462.0,-513524.0,-15938.0
2024-04-12,4745.0498046875,20736.5703125,106.04000091552734,32.2244987487793,4.499000072479248,17.309999465942383,16175.08984375,38.94141387939453,-2270.11811,0.0,364.13,8534797.0,159232.0,955.0,220.0,999998.0,799.0,-263135.0,-251788.0,-11347.0
2024-04-15,4679.10009765625,20449.76953125,106.20999908447266,32.25400161743164,4.627999782562256,19.229999542236328,15885.01953125,38.436927795410156,-3261.52837,0.0,726.26647,8567919.0,158248.0,-4905.0,-9534.0,999998.0,812.0,-457057.0,-438999.0,-18058.0
2024-04-16,4720.52978515625,19901.9609375,106.26000213623047,32.38880157470703,4.658999919891357,18.399999618530273,15865.25,37.39192199707031,-9394.53404,0.0,803.045,8543610.0,148637.0,-591.0,-2599.0,999998.0,799.0,-1159965.0,-1190241.0,30276.0
2024-04-17,4567.31005859375,20213.330078125,105.94999694824219,32.49789810180664,4.585000038146973,18.209999084472656,15683.3701171875,37.81232452392578,-2702.74741,0.0,656.2,8362296.0,141785.0,2280.0,13049.0,999998.0,778.0,-526976.0,-482371.0,-44605.0
2024-04-18,4491.7099609375,20301.19921875,106.1500015258789,32.3380012512207,4.646999835968018,18.0,15601.5,38.18468475341797,242.69345,0.0,1443.615,8441996.0,155145.0,2536.0,2752.0,999998.0,798.0,-628524.0,-618335.0,-10189.0
2024-04-19,4306.8701171875,19527.119140625,106.1500015258789,32.41590118408203,4.614999771118164,18.709999084472656,15282.009765625,36.250823974609375,-9282.87385,0.0,2021.55246,8480731.0,162019.0,-2747.0,-19845.0,999998.0,793.0,-1688586.0,-1728405.0,39819.0
2024-04-22,4381.919921875,19411.220703125,106.08000183105469,32.50400161743164,4.623000144958496,16.940000534057617,15451.3095703125,36.142723083496094,-404.7188,0.0,2087.49449,8390633.0,152670.0,2638.0,7628.0,999998.0,857.0,-726989.0,-740934.0,13945.0
2024-04-23,4478.7998046875,19599.279296875,105.69000244140625,32.58300018310547,4.5980000495910645,15.6899995803833,15696.6396484375,36.491058349609375,2124.3823,0.0,1355.0068,8321974.0,156655.0,3895.0,8241.0,999998.0,857.0,-365532.0,-367821.0,2289.0
2024-04-24,4526.2001953125,20131.740234375,105.86000061035156,32.503501892089844,4.6519999504089355,15.970000267028809,15712.75,37.56008529663086,2929.87153,0.0,1042.33144,8297142.0,166755.0,-1435.0,7487.0,999998.0,821.0,-229946.0,-207578.0,-22368.0
2024-04-25,4615.0400390625,19857.419921875,105.5999984741211,32.62730026245117,4.705999851226807,15.369999885559082,15611.759765625,36.87542724609375,-3062.9492,0.0,620.86625,8352373.0,175188.0,-3844.0,-14055.0,999998.0,830.0,-479222.0,-465184.0,-14038.0
2024-04-26,4735.2900390625,20120.509765625,105.94000244140625,32.53099822998047,4.669000148773193,15.029999732971191,15927.900390625,37.47600555419922,2927.3235,0.0,779.11,8330445.0,185529.0,3272.0,13174.0,999998.0,732.0,-722479.0,-724489.0,2010.0
2024-04-29,4765.7900390625,20495.51953125,105.58000183105469,32.558998107910156,4.613999843597412,14.670000076293945,15983.080078125,38.148651123046875,6764.48469,0.0,578.74,8395504.0,199415.0,-1153.0,3559.0,999998.0,762.0,-314813.0,-304041.0,-10772.0
2024-04-30,4673.2998046875,20396.599609375,106.22000122070312,32.433998107910156,4.685999870300293,15.649999618530273,15657.8203125,38.01652526855469,-522.82454,0.0,523.05234,8440262.0,206443.0,1296.0,-4269.0,999998.0,718.0,-288942.0,-291759.0,2817.0
2024-05-01,4507.68017578125,,105.76000213623047,32.613800048828125,4.59499979019165,15.390000343322754,15605.48046875,,,,,,,,,,,,,
2024-05-02,4605.35009765625,20222.439453125,105.30000305175781,32.47600173950195,4.571000099182129,14.680000305175781,15840.9599609375,37.51203918457031,,,,8450364.0,207167.0,-3806.0,-6170.0,999998.0,696.0,-345646.0,-351114.0,5468.0
2024-05-03,4716.18994140625,20330.3203125,105.02999877929688,32.34600067138672,4.5,13.489999771118164,16156.330078125,37.7042236328125,,,,8509995.0,212700.0,-1906.0,-2130.0,999998.0,579.0,-368174.0,-376804.0,8630.0
2024-05-06,4820.4501953125,20523.310546875,105.05000305175781,32.27690124511719,4.488999843597412,13.489999771118164,16349.25,38.24474334716797,,,,8486052.0,221172.0,699.0,5019.0,999998.0,520.0,-364566.0,-352579.0,-11987.0
2024-05-07,4784.8798828125,20653.529296875,105.41000366210938,32.26300048828125,4.4629998207092285,13.229999542236328,16332.5595703125,38.4609489440918,,,,8560547.0,224532.0,-467.0,-309.0,999998.0,525.0,-334199.0,-312685.0,-21514.0
2024-05-08,4790.3798828125,20700.509765625,105.55000305175781,32.363800048828125,4.492000102996826,13.0,16302.759765625,38.60508728027344,,,,8532599.0,223857.0,3622.0,5618.0,999998.0,574.0,-231298.0,-225311.0,-5987.0
2024-05-09,4759.77001953125,20560.76953125,105.2300033569336,32.33300018310547,4.448999881744385,12.6899995803833,16346.259765625,38.55704116821289,,,,8569201.0,230222.0,-1613.0,-7280.0,999998.0,541.0,-272424.0,-293436.0,21012.0
2024-05-10,4808.02978515625,20708.83984375,105.30999755859375,32.33879852294922,4.504000186920166,12.550000190734863,16340.8701171875,38.833309173583984,,,,8562859.0,236077.0,2345.0,9715.0,999998.0,533.0,-273525.0,-273945.0,420.0
2024-05-13,4823.08984375,20857.7109375,105.22000122070312,32.42399978637695,4.480999946594238,13.600000381469727,16388.240234375,39.22968673706055,,,,8602905.0,248103.0,-530.0,-6232.0,999998.0,573.0,-243019.0,-245894.0,2875.0
2024-05-14,4903.93017578125,20985.849609375,105.01000213623047,32.371498107910156,4.445000171661377,13.420000076293945,16511.1796875,39.49394226074219,,,,8580853.0,248308.0,4473.0,5781.0,999998.0,568.0,-170510.0,-160146.0,-10364.0
2024-05-15,5045.080078125,21147.2109375,104.3499984741211,32.31370162963867,4.355999946594238,12.449999809265137,16742.390625,40.03445816040039,,,,8550672.0,253374.0,1856.0,293.0,999998.0,553.0,-274890.0,-263337.0,-11553.0
2024-05-16,5017.5400390625,21304.259765625,104.45999908447266,32.03129959106445,4.376999855041504,12.420000076293945,16698.3203125,40.226646423339844,,,,8515509.0,254231.0,-4226.0,-8783.0,999998.0,583.0,-314902.0,-288285.0,-26617.0
2024-05-17,4983.02001953125,21258.470703125,104.44999694824219,32.12379837036133,4.420000076293945,11.989999771118164,16685.970703125,40.1786003112793,,,,8528849.0,262819.0,-439.0,-3644.0,999998.0,590.0,-273326.0,-271627.0,-1699.0
2024-05-20,5090.35009765625,21271.630859375,104.56999969482422,32.16400146484375,4.436999797821045,12.149999618530273,16794.869140625,40.16658401489258,,,,8548670.0,263771.0,394.0,-3971.0,999998.0,579.0,-424609.0,-439652.0,15043.0
2024-05-21,5074.39990234375,21236.75,104.66000366210938,32.2057991027832,4.414000034332275,11.859999656677246,16832.619140625,40.1185417175293,,,,8547255.0,268500.0,1019.0,1092.0,999998.0,569.0,-316077.0,-296695.0,-19382.0
2024-05-22,5126.81005859375,21551.830078125,104.94000244140625,32.234798431396484,4.434000015258789,12.289999961853027,16801.5390625,40.8392333984375,,,,8557366.0,266682.0,2572.0,8159.0,999998.0,561.0,-206706.0,-228561.0,21855.0
2024-05-23,5125.97998046875,21607.4296875,105.11000061035156,32.223899841308594,4.474999904632568,12.770000457763672,16736.029296875,41.15153503417969,,,,8583889.0,268793.0,-3079.0,-3512.0,999998.0,562.0,-248556.0,-267206.0,18650.0
2024-05-24,5220.919921875,21565.33984375,104.72000122070312,32.22079849243164,4.4670000076293945,11.930000305175781,16920.7890625,40.98337173461914,,,,8575317.0,260501.0,323.0,-2882.0,999998.0,553.0,-358410.0,-353538.0,-4872.0
2024-05-27,,21803.76953125,,32.18899917602539,,,,41.54792022705078,,,,8623991.0,264187.0,-895.0,3270.0,999998.0,576.0,-245796.0,-228497.0,-17299.0
2024-05-28,5317.8701171875,21858.41015625,104.61000061035156,32.06999969482422,4.541999816894531,12.920000076293945,17019.880859375,41.60797119140625,,,,8661090.0,265126.0,-863.0,-606.0,999998.0,575.0,-150602.0,-157503.0,6901.0
2024-05-29,5219.31982421875,21662.5,105.0999984741211,32.17380142211914,4.624000072479248,14.279999732971191,16920.580078125,41.043434143066406,,,,8639429.0,265167.0,-5305.0,-12490.0,999998.0,587.0,-295717.0,-275036.0,-20681.0
2024-05-30,5173.259765625,21364.48046875,104.72000122070312,32.37699890136719,4.553999900817871,14.470000267028809,16737.080078125,40.334747314453125,,,,8665656.0,265338.0,1683.0,-1950.0,999998.0,575.0,-501283.0,-510135.0,8852.0
2024-05-31,5123.35986328125,21174.220703125,104.66999816894531,32.35639953613281,4.513999938964844,12.920000076293945,16735.01953125,39.87831115722656,,,,8674200.0,261098.0,353.0,-2807.0,999998.0,634.0,-613116.0,-612941.0,-175.0
2024-06-03,5152.509765625,21536.759765625,104.13999938964844,32.46500015258789,4.4019999504089355,13.109999656677246,16828.669921875,40.73113250732422,,,,8670963.0,261231.0,-1609.0,3159.0,999998.0,610.0,-501922.0,-513135.0,11213.0
2024-06-04,5116.27001953125,21356.619140625,104.11000061035156,32.314300537109375,4.335999965667725,13.15999984741211,16857.05078125,40.08251190185547,,,,8751001.0,267927.0,-2406.0,-10855.0,999998.0,678.0,-544989.0,-527100.0,-17889.0
2024-06-05,5347.43994140625,21484.880859375,104.2699966430664,32.328800201416016,4.289000034332275,12.630000114440918,17187.900390625,40.46687698364258,,,,8749496.0,267852.0,2643.0,4736.0,999998.0,660.0,-599843.0,-602850.0,3007.0
2024-06-06,5301.68017578125,21902.69921875,104.0999984741211,32.25199890136719,4.281000137329102,12.579999923706055,17173.119140625,41.848201751708984,,,,8779475.0,265031.0,4889.0,11190.0,999998.0,642.0,-411562.0,-420190.0,8628.0
2024-06-07,5287.240234375,21858.380859375,104.88999938964844,32.208900451660156,4.429999828338623,12.220000267028809,17133.130859375,41.523895263671875,,,,8848474.0,257654.0,-78.0,-6142.0,999998.0,615.0,-336954.0,-334360.0,-2594.0
2024-06-10,5362.39990234375,,105.1500015258789,32.404998779296875,4.468999862670898,12.739999771118164,17192.529296875,,,,,,,,,,,,,
2024-06-11,5365.3798828125,21792.119140625,105.2300033569336,32.33399963378906,4.4039998054504395,12.850000381469727,17343.55078125,41.631996154785156,,,,8844633.0,263016.0,-4150.0,-7353.0,999998.0,468.0,-342089.0,-345456.0,3367.0
2024-06-12,5520.8701171875,22048.9609375,104.6500015258789,32.315799713134766,4.295000076293945,12.039999961853027,17608.439453125,42.376708984375,,,,8830277.0,258531.0,4711.0,10740.0,999998.0,496.0,-350473.0,-342703.0,-7770.0
2024-06-13,5602.419921875,22312.0390625,105.19999694824219,32.20100021362305,4.23799991607666,11.9399995803833,17667.560546875,42.989295959472656,,,,8836289.0,252464.0,-2966.0,-1905.0,999998.0,483.0,-397477.0,-416194.0,18717.0
2024-06-14,5598.31005859375,22504.720703125,105.55000305175781,32.29899978637695,4.2129998207092285,12.65999984741211,17688.880859375,43.24154281616211,,,,8834088.0,262334.0,463.0,336.0,999998.0,416.0,-310244.0,-308402.0,-1842.0
2024-06-17,5688.10009765625,22496.529296875,105.31999969482422,32.3489990234375,4.2789998054504395,12.75,17857.01953125,43.24154281616211,,,,8874356.0,265437.0,-337.0,-5526.0,999998.0,497.0,-287846.0,-285369.0,-2477.0
2024-06-18,5765.1201171875,22757.4296875,105.26000213623047,32.30099868774414,4.2170000076293945,12.300000190734863,17862.23046875,43.96223831176758,,,,8894300.0,264883.0,254.0,3318.0,999998.0,435.0,-319058.0,-297622.0,-21436.0
2024-06-19,,23209.5390625,,32.34749984741211,,,,45.15137481689453,,,,8904720.0,268507.0,4192.0,2668.0,999998.0,211.0,-258440.0,-241003.0,-17437.0
2024-06-20,5610.009765625,23406.099609375,105.58999633789062,32.38079833984375,4.254000186920166,13.279999732971191,17721.58984375,45.58379364013672,,,,8889978.0,263390.0,-4932.0,-8530.0,999998.0,276.0,-263827.0,-265721.0,1894.0
2024-06-21,5538.5400390625,23253.390625,105.80000305175781,32.340999603271484,4.256999969482422,13.199999809265137,17689.359375,45.30752944946289,,,,8905012.0,271902.0,-1956.0,-7673.0,999998.0,274.0,-438990.0,-427358.0,-11632.0
2024-06-24,5371.52001953125,22813.69921875,105.47000122070312,32.362998962402344,4.248000144958496,13.329999923706055,17496.8203125,44.20246505737305,,,,8958899.0,270151.0,395.0,-11857.0,999998.0,274.0,-862258.0,-880066.0,17808.0
2024-06-25,5467.66015625,22875.970703125,105.61000061035156,32.32149887084961,4.23799991607666,12.84000015258789,17717.650390625,44.17844009399414,,,,8909963.0,253199.0,-1966.0,-1606.0,999998.0,286.0,-649398.0,-659700.0,10302.0
2024-06-26,5452.31982421875,22986.689453125,106.05000305175781,32.4734992980957,4.315999984741211,12.550000190734863,17805.16015625,44.52677917480469,,,,8909089.0,243343.0,-1413.0,3705.0,999998.0,255.0,-403112.0,-424409.0,21297.0
2024-06-27,5421.08984375,22905.98046875,105.91000366210938,32.582298278808594,4.288000106811523,12.239999771118164,17858.6796875,44.514766693115234,,,,8941966.0,241516.0,1271.0,-945.0,999998.0,263.0,-511548.0,-517706.0,6158.0
2024-06-28,5472.259765625,23032.25,105.87000274658203,32.52199935913086,4.3429999351501465,12.4399995803833,17732.599609375,44.7910270690918,,,,8942733.0,231507.0,-2107.0,-512.0,999998.0,238.0,-449531.0,-448405.0,-1126.0
2024-07-01,5477.14990234375,23058.5703125,105.9000015258789,32.50400161743164,4.479000091552734,12.220000267028809,17879.30078125,44.82706832885742,2066.59053,0.0,2136.87024,8961514.0,226090.0,594.0,242.0,999998.0,345.0,-373206.0,-372825.0,-381.0
2024-07-02,5544.990234375,22879.369140625,105.72000122070312,32.52170181274414,4.435999870300293,12.029999732971191,18028.759765625,44.52677917480469,-2400.33224,0.0,2980.81394,8996030.0,213896.0,990.0,-324.0,999998.0,339.0,-621230.0,-628873.0,7643.0
2024-07-03,5651.72021484375,23172.4296875,105.4000015258789,32.57279968261719,4.355000019073486,12.09000015258789,18188.30078125,45.067298889160156,4404.04706,0.0,5559.29645,9061768.0,216213.0,-485.0,7754.0,999998.0,346.0,-321588.0,-317196.0,-4392.0
2024-07-04,,23522.529296875,,32.621498107910156,,,,46.24443054199219,4701.52731,0.0,2504.33387,9111598.0,217706.0,-1121.0,3350.0,999998.0,296.0,-405237.0,-386898.0,-18339.0
2024-07-05,5656.31005859375,23556.58984375,104.87999725341797,32.50659942626953,4.271999835968018,12.479999542236328,18352.759765625,46.07626724243164,3569.72424,0.0,1183.59179,9133537.0,219934.0,-2872.0,-6034.0,999998.0,300.0,-230647.0,-227268.0,-3379.0
2024-07-08,5765.2099609375,23878.150390625,105.01000213623047,32.393001556396484,4.269000053405762,12.369999885559082,18403.740234375,47.5296630859375,-245.97688,-0.22673,1301.43682,9166040.0,227055.0,-218.0,3719.0,999998.0,325.0,-427562.0,-421277.0,-6285.0
2024-07-09,5765.2001953125,23900.080078125,105.12000274658203,32.47100067138672,4.300000190734863,12.510000228881836,18429.2890625,47.48161697387695,-1491.33739,0.0,1126.1656,9201289.0,219673.0,-5353.0,-8247.0,999998.0,318.0,-621458.0,-632364.0,10906.0
2024-07-10,5904.5400390625,24007.080078125,105.05000305175781,32.50749969482422,4.28000020980835,12.850000381469727,18647.44921875,47.6497802734375,339.79415,0.0,847.418,9160526.0,205249.0,1724.0,3818.0,999998.0,309.0,-430829.0,-387541.0,-43288.0
2024-07-11,5699.66015625,24390.029296875,104.44000244140625,32.58689880371094,4.192999839782715,12.920000076293945,18283.41015625,48.70679473876953,3603.52922,0.0,739.67064,9215805.0,210113.0,-1621.0,-1861.0,999998.0,308.0,-353060.0,-351483.0,-1577.0
2024-07-12,5775.18994140625,23916.9296875,104.08999633789062,32.38679885864258,4.189000129699707,12.460000038146973,18398.44921875,47.169315338134766,3427.3866,0.0,876.72691,9274443.0,218621.0,-3583.0,-9290.0,999998.0,251.0,-699223.0,-688426.0,-10797.0
2024-07-15,5777.7099609375,23879.359375,104.19000244140625,32.54800033569336,4.229000091552734,13.119999885559082,18472.5703125,47.253395080566406,-4294.36914,0.0,1198.64902,9238716.0,224639.0,4111.0,1966.0,999998.0,304.0,-631965.0,-590048.0,-41917.0
2024-07-16,5804.02978515625,23997.25,104.2699966430664,32.57400131225586,4.166999816894531,13.1899995803833,18509.33984375,47.53107452392578,-855.36683,0.0,2284.94327,9301544.0,217596.0,-932.0,3215.0,999998.0,404.0,-521073.0,-531891.0,10818.0
2024-07-17,5408.7099609375,23769.8203125,103.75,32.56330108642578,4.145999908447266,14.479999542236328,17996.919921875,46.867061614990234,1670.84252,0.0,1821.02673,9351969.0,218431.0,-4636.0,-7039.0,999998.0,377.0,-669141.0,-673133.0,3992.0
2024-07-18,5436.419921875,23398.470703125,104.16999816894531,32.49079895019531,4.189000129699707,15.930000305175781,17871.220703125,46.0219612121582,-149.98093,0.0,2209.81012,9418511.0,223554.0,-6024.0,-11055.0,999998.0,366.0,-707922.0,-710517.0,2595.0
2024-07-19,5267.16015625,22869.259765625,104.4000015258789,32.638999938964844,4.238999843597412,16.520000457763672,17726.939453125,44.971614837646484,-6819.24397,0.0,2075.0447,9364854.0,214158.0,5796.0,1999.0,999998.0,357.0,-791955.0,-788095.0,-3860.0
2024-07-22,5477.830078125,22256.990234375,104.30999755859375,32.78099822998047,4.260000228881836,14.90999984741211,18007.5703125,43.63151550292969,20.55209,0.0,2180.07105,9262316.0,203609.0,-3002.0,-2002.0,999998.0,334.0,-1029835.0,-1041614.0,11779.0
2024-07-23,5397.89990234375,22871.83984375,104.44999694824219,32.80849838256836,4.238999843597412,14.720000267028809,17997.349609375,44.98368453979492,501.20384,0.0,1200.80345,9062195.0,196780.0,5874.0,12725.0,999998.0,324.0,-520783.0,-499617.0,-21166.0
2024-07-24,5105.64990234375,,104.38999938964844,32.75130081176758,4.285999774932861,18.040000915527344,17342.41015625,,,,,,,,,,,,,
2024-07-25,5005.35986328125,,104.36000061035156,32.71480178833008,4.25600004196167,18.459999084472656,17181.720703125,,,,,,,,,,,,,
2024-07-26,5103.1298828125,22119.2109375,104.31999969482422,32.643001556396484,4.199999809265137,16.389999389648438,17357.880859375,43.221038818359375,-4167.86232,0.0,1145.80777,9049484.0,193755.0,-4586.0,-9122.0,999998.0,323.0,-548728.0,-552546.0,3818.0
2024-07-29,5087.6201171875,22164.490234375,104.55999755859375,32.79800033569336,4.177999973297119,16.600000381469727,17370.19921875,43.60737991333008,-1074.97955,0.0,1018.23624,8980649.0,190049.0,1072.0,1722.0,999998.0,315.0,-471809.0,-465620.0,-6189.0
2024-07-30,4890.14990234375,22223.5703125,104.55000305175781,32.849300384521484,4.14300012588501,17.690000534057617,17147.419921875,43.60737991333008,-2115.52286,0.0,1441.88391,8952123.0,199165.0,-2736.0,-3051.0,999998.0,318.0,-640715.0,-644257.0,3542.0
2024-07-31,5233.18017578125,22199.349609375,104.0999984741211,32.76150131225586,4.109000205993652,16.360000610351562,17599.400390625,43.66773986816406,620.09315,0.0,823.348,8922968.0,197977.0,1904.0,3009.0,999998.0,197.0,-533006.0,-572871.0,39865.0
2024-08-01,4859.58984375,22642.099609375,104.41999816894531,32.57229995727539,3.9760000705718994,18.59000015258789,17194.150390625,44.4283332824707,5878.88224,0.0,977.2716,8959289.0,209867.0,-4425.0,-1726.0,999998.0,293.0,-324509.0,-324639.0,130.0
2024-08-02,4607.759765625,21638.08984375,103.20999908447266,32.71649932861328,3.7920000553131104,23.389999389648438,16776.16015625,42.182769775390625,-9090.19005,0.0,1735.24706,8929312.0,225491.0,-998.0,-11856.0,999998.0,294.0,-902741.0,-867423.0,-35318.0
2024-08-05,4519.4501953125,19830.880859375,102.69000244140625,32.58890151977539,3.7850000858306885,38.56999969482422,16200.080078125,38.331512451171875,-6564.70872,0.0,2479.51889,8880736.0,227820.0,4015.0,15439.0,999998.0,58.0,-904351.0,-922207.0,17856.0
2024-08-06,4567.56982421875,20501.01953125,102.97000122070312,32.67900085449219,3.888000011444092,27.709999084472656,16366.849609375,40.444271087646484,944.91615,0.0,1859.8282,8490882.0,239391.0,2379.0,11322.0,999998.0,39.0,-454475.0,-507005.0,52530.0
2024-08-07,4426.27001953125,21295.279296875,103.19999694824219,32.77799987792969,3.9679999351501465,27.850000381469727,16195.8095703125,42.04996871948242,-1360.2221,0.0,1196.85413,8257343.0,211581.0,1189.0,2321.0,999998.0,12.0,-767036.0,-709714.0,-57322.0
2024-08-08,4730.009765625,20870.099609375,103.20999908447266,32.650001525878906,3.996999979019165,23.790000915527344,16660.01953125,41.18071746826172,-4902.77323,0.0,896.23915,8298583.0,232062.0,148.0,-6040.0,999998.0,36.0,-219939.0,-217206.0,-2733.0
2024-08-09,4709.4501953125,21469.0,103.13999938964844,32.41019821166992,3.941999912261963,20.3700008392334,16745.30078125,42.46044921875,4656.6209,0.0,863.5404,8353673.0,245156.0,-197.0,6884.0,999998.0,51.0,-293537.0,-236883.0,-56654.0
2024-08-12,4743.81982421875,21773.259765625,103.13999938964844,32.435001373291016,3.9089999198913574,20.709999084472656,16780.609375,42.99165725708008,2150.00276,0.0,1057.3625,8471467.0,259826.0,-2706.0,-3969.0,999998.0,38.0,-337407.0,-314600.0,-22807.0
2024-08-13,4942.31005859375,21796.5703125,102.55999755859375,32.23899841308594,3.8519999980926514,18.1200008392334,17187.609375,43.100311279296875,-843.01847,0.0,937.5119,8516547.0,222763.0,-1168.0,313.0,999998.0,28.0,-279071.0,-274320.0,-4751.0
2024-08-14,4933.35009765625,22027.25,102.56999969482422,32.30500030517578,3.819999933242798,16.190000534057617,17192.599609375,43.64359664916992,4973.38673,0.0,622.59542,8575852.0,228808.0,2721.0,1620.0,999998.0,100.0,-233766.0,-234131.0,365.0
2024-08-15,5173.3798828125,21895.169921875,102.9800033569336,31.9950008392334,3.9260001182556152,15.229999542236328,17594.5,43.3055534362793,276.4056,0.0,371.97513,8597569.0,237116.0,57.0,-2928.0,999998.0,110.0,-325627.0,-335789.0,10162.0
2024-08-16,5170.25,22349.330078125,102.45999908447266,32.442501068115234,3.8919999599456787,14.800000190734863,17631.720703125,44.28345489501953,6011.21829,0.0,779.34317,8626198.0,255043.0,-1800.0,530.0,999998.0,156.0,-235500.0,-249341.0,13841.0
2024-08-19,5266.56982421875,22409.630859375,101.88999938964844,32.135501861572266,3.867000102996826,14.649999618530273,17876.76953125,44.34382247924805,-27.9433,0.0,591.18538,8603245.0,251286.0,297.0,-2428.0,999998.0,150.0,-285463.0,-231143.0,-54320.0
2024-08-20,5196.2998046875,22429.099609375,101.44000244140625,31.910499572753906,3.818000078201294,15.880000114440918,17816.939453125,44.36796569824219,677.87785,0.0,556.27416,8651403.0,256148.0,-983.0,-199.0,999998.0,180.0,-196071.0,-208616.0,12545.0
2024-08-21,5267.93017578125,22237.890625,101.04000091552734,31.895000457763672,3.7780001163482666,16.270000457763672,17918.990234375,43.897125244140625,-1333.54241,0.0,638.0719,8755292.0,261658.0,-2278.0,-2254.0,999998.0,169.0,-365257.0,-354217.0,-11040.0
2024-08-22,5086.89990234375,22148.830078125,101.51000213623047,31.69499969482422,3.861999988555908,17.549999237060547,17619.349609375,43.66773986816406,-269.87823,0.0,332.31005,8872229.0,256128.0,3912.0,-1114.0,999998.0,148.0,-333423.0,-314126.0,-19297.0
2024-08-23,5228.64990234375,22158.05078125,100.72000122070312,32.03499984741211,3.806999921798706,15.859999656677246,17877.7890625,43.6918830871582,-474.7824,0.0,533.55862,8886115.0,263789.0,-1770.0,2606.0,999998.0,163.0,-370360.0,-375708.0,5348.0
2024-08-26,5097.35009765625,22240.119140625,100.8499984741211,31.754499435424805,3.818000078201294,16.149999618530273,17725.76953125,43.76432418823242,2234.64578,0.0,428.09842,8980348.0,260522.0,-1380.0,-848.0,999998.0,239.0,-312131.0,-309543.0,-2588.0
2024-08-27,5153.6298828125,22185.0,100.55000305175781,31.80900001525879,3.8329999446868896,15.430000305175781,17754.8203125,43.5711555480957,-2105.89696,0.0,635.49693,,,-513.0,-2413.0,999998.0,286.0,-256874.0,-277730.0,20856.0
2024-08-28,5059.56005859375,22370.66015625,101.08999633789062,31.69499969482422,3.8410000801086426,17.110000610351562,17556.029296875,44.18687438964844,-1483.48013,0.0,432.81614,9082161.0,270420.0,249.0,4594.0,999998.0,275.0,-252192.0,-263429.0,11237.0
2024-08-29,5029.25,22201.849609375,101.33999633789062,31.982999801635742,3.867000102996826,15.649999618530273,17516.4296875,43.583229064941406,-1721.82322,0.0,536.71451,9175393.0,275876.0,272.0,-4501.0,999998.0,238.0,-268670.0,-288781.0,20111.0
2024-08-30,5158.81982421875,22268.08984375,101.69999694824219,31.857999801635742,3.9110000133514404,15.0,17713.619140625,43.78847122192383,-155.77462,0.0,434.09265,9264540.0,269204.0,-2583.0,2237.0,999998.0,167.0,-268306.0,-270442.0,2136.0
2024-09-02,,22235.099609375,,31.996000289916992,,,,43.66773986816406,,,,9279549.0,259414.0,-141.0,-4052.0,999998.0,229.0,-292125.0,-308760.0,16635.0
2024-09-03,4759.0,22092.2109375,101.83000183105469,31.930999755859375,3.8440001010894775,20.719999313354492,17136.30078125,43.474571228027344,,,,9336480.0,249653.0,3209.0,2331.0,999998.0,271.0,-436211.0,-460757.0,24546.0
2024-09-04,4770.85009765625,21092.75,101.36000061035156,31.981000900268555,3.7679998874664307,21.31999969482422,17084.30078125,41.34973907470703,,,,9396703.0,253869.0,6228.0,5378.0,999998.0,261.0,-746273.0,-787346.0,41073.0
2024-09-05,4742.419921875,21187.7109375,101.11000061035156,31.954999923706055,3.7309999465942383,19.899999618530273,17127.66015625,41.603271484375,,,,9361785.0,259578.0,3847.0,6694.0,999998.0,210.0,-352089.0,-347457.0,-4632.0
2024-09-06,4528.22021484375,21435.189453125,101.18000030517578,32.00699996948242,3.7100000381469727,22.3799991607666,16690.830078125,42.19484329223633,,,,9464867.0,282910.0,-3017.0,1571.0,999998.0,249.0,-448745.0,-444962.0,-3783.0
2024-09-09,4625.77978515625,21144.439453125,101.55000305175781,32.025901794433594,3.697000026702881,19.450000762939453,16884.599609375,41.54290771484375,,,,9442897.0,276365.0,-508.0,1344.0,999998.0,253.0,-747546.0,-748035.0,489.0
2024-09-10,4680.669921875,21064.080078125,101.62999725341797,32.108001708984375,3.6459999084472656,19.079999923706055,17025.880859375,41.6153450012207,,,,9427566.0,261638.0,1191.0,987.0,999998.0,262.0,-477966.0,-475267.0,-2699.0
2024-09-11,4910.169921875,21031.0,101.68000030517578,32.15800094604492,3.6530001163482666,17.690000534057617,17395.529296875,41.49461364746094,,,,9434462.0,270079.0,-625.0,-1555.0,999998.0,216.0,-494206.0,-488613.0,-5593.0
2024-09-12,4898.43994140625,21653.25,101.37000274658203,32.106998443603516,3.680000066757202,17.06999969482422,17569.6796875,43.05202102661133,,,,9545144.0,269974.0,-2785.0,4209.0,999998.0,226.0,-431178.0,-422771.0,-8407.0
2024-09-13,4980.490234375,21759.650390625,101.11000061035156,31.92300033569336,3.6500000953674316,16.559999465942383,17683.98046875,43.07616424560547,,,,9611105.0,274375.0,-1437.0,-998.0,999998.0,126.0,-271264.0,-274469.0,3205.0
2024-09-16,4910.43994140625,21850.080078125,100.76000213623047,31.937999725341797,3.621000051498413,17.139999389648438,17592.130859375,43.160675048828125,,,,9640078.0,271031.0,-475.0,-1300.0,999998.0,135.0,-184864.0,-173135.0,-11729.0
2024-09-17,4912.10009765625,,100.88999938964844,31.863000869750977,3.6419999599456787,17.610000610351562,17628.060546875,,,,,,,,,,,,,
2024-09-18,4859.2900390625,21678.83984375,100.5999984741211,31.93950080871582,3.684999942779541,18.229999542236328,17573.30078125,42.943363189697266,,,,9637613.0,276346.0,-1332.0,-2220.0,999998.0,325.0,-338912.0,-313840.0,-25072.0
2024-09-19,5066.64990234375,22042.689453125,100.61000061035156,31.77899932861328,3.740000009536743,16.329999923706055,18013.98046875,43.49871826171875,,,,9657448.0,274189.0,177.0,370.0,999998.0,425.0,-310729.0,-304805.0,-5924.0
2024-09-20,5000.06005859375,22159.419921875,100.72000122070312,31.76799964904785,3.7279999256134033,16.149999618530273,17948.3203125,44.054073333740234,,,,9532029.0,273112.0,-894.0,-1434.0,999998.0,396.0,-344988.0,-299030.0,-45958.0
2024-09-23,5025.81005859375,22285.529296875,100.91999816894531,31.98900032043457,3.739000082015991,15.890000343322754,17974.26953125,44.24723815917969,,,,,,-3834.0,-916.0,999998.0,408.0,-255737.0,-261873.0,6136.0
2024-09-24,5091.77978515625,22431.779296875,100.37000274658203,31.933000564575195,3.7360000610351562,15.390000343322754,18074.51953125,44.66979217529297,,,,,,4002.0,5871.0,999998.0,513.0,-254695.0,-256691.0,1996.0
2024-09-25,5132.52001953125,22761.599609375,100.91999816894531,31.700000762939453,3.7809998989105225,15.40999984741211,18082.2109375,45.333805084228516,,,,,,-2549.0,451.0,999998.0,468.0,-242816.0,-238409.0,-4407.0
2024-09-26,5310.5,22858.810546875,100.55999755859375,31.863000869750977,3.7909998893737793,15.369999885559082,18190.2890625,45.708065032958984,,,,,,-2709.0,-3032.0,999998.0,607.0,-258707.0,-261305.0,2598.0
2024-09-27,5217.22998046875,22822.7890625,100.41999816894531,31.459999084472656,3.749000072479248,16.959999084472656,18119.58984375,45.611473083496094,,,,,,881.0,-1904.0,999998.0,602.0,-425764.0,-421010.0,-4754.0
2024-09-30,5173.06005859375,22224.5390625,100.77999877929688,31.575000762939453,3.802000045776367,16.729999542236328,18189.169921875,44.416259765625,,,,,,482.0,-4032.0,999998.0,590.0,-751637.0,-753254.0,1617.0
2024-10-01,5024.93994140625,22390.390625,101.19000244140625,31.579999923706055,3.743000030517578,19.260000228881836,17910.359375,44.331748962402344,-1869.71234,0.0,1192.3166,,,-1497.0,-1799.0,999998.0,667.0,-513251.0,-518883.0,5632.0
2024-10-02,5099.2001953125,,101.68000030517578,31.761999130249023,3.7850000858306885,18.899999618530273,17925.119140625,,,,,,,,,,,,,
2024-10-03,5125.2099609375,,101.98999786376953,31.812000274658203,3.8499999046325684,20.489999771118164,17918.48046875,,,,,,,,,,,,,
2024-10-04,5206.83984375,22302.7109375,102.5199966430664,32.018001556396484,3.9809999465942383,19.209999084472656,18137.849609375,44.331748962402344,-910.88111,0.0,1070.35731,,,2392.0,2632.0,999998.0,799.0,-457136.0,-476934.0,19798.0
2024-10-07,5196.7998046875,22702.560546875,102.54000091552734,32.34000015258789,4.026000022888184,22.639999389648438,17923.900390625,45.430381774902344,-1531.09971,0.0,726.56891,,,-4982.0,-2378.0,999998.0,804.0,-324917.0,-326915.0,1998.0
2024-10-08,5266.10009765625,22611.390625,102.55000305175781,32.12179946899414,4.0329999923706055,21.420000076293945,18182.919921875,45.21307373046875,-5548.29068,0.0,813.70698,,,1056.0,-1005.0,999998.0,801.0,-355389.0,-399951.0,44562.0
2024-10-09,5321.89990234375,22659.080078125,102.93000030517578,32.16999816894531,4.066999912261963,20.860000610351562,18291.619140625,45.635623931884766,-3546.38823,0.0,467.46012,,,409.0,1403.0,999998.0,799.0,-291608.0,-296435.0,4827.0
2024-10-10,5293.93994140625,,102.98999786376953,32.227500915527344,4.0960001945495605,20.93000030517578,18282.05078125,,,,,,,,,,,,,
2024-10-11,5335.93994140625,22901.640625,102.88999938964844,32.195499420166016,4.072999954223633,20.459999084472656,18342.939453125,46.39621353149414,377.32292,0.0,287.11785,,,-1468.0,2377.0,999998.0,832.0,-260055.0,-251207.0,-8848.0
2024-10-14,5432.2099609375,22975.2890625,103.30000305175781,32.130001068115234,4.0980000495910645,19.700000762939453,18502.689453125,46.432437896728516,466.60739,0.0,608.02252,,,2778.0,3712.0,999998.0,840.0,-295558.0,-296134.0,576.0
2024-10-15,5145.2099609375,23292.0390625,103.26000213623047,32.152000427246094,4.038000106811523,20.639999389648438,18315.58984375,47.42241287231445,3357.81024,0.0,433.38371,,,-78.0,-1923.0,999998.0,834.0,-260249.0,-217383.0,-42866.0
2024-10-16,5155.85986328125,23010.98046875,103.58999633789062,32.17100143432617,4.015999794006348,19.579999923706055,18367.080078125,46.60145950317383,-2676.88752,0.0,480.74972,,,-1744.0,-3255.0,999998.0,853.0,-445848.0,-437696.0,-8152.0
2024-10-17,5204.81005859375,23053.83984375,103.83000183105469,32.1349983215332,4.0960001945495605,19.110000610351562,18373.609375,46.67389678955078,2084.17305,0.56619,544.20522,,,-1921.0,-2763.0,999998.0,873.0,-320555.0,-348106.0,27551.0
2024-10-18,5208.6201171875,23487.26953125,103.48999786376953,32.06800079345703,4.072999954223633,18.030000686645508,18489.55078125,47.83289337158203,3679.97556,0.0,347.93679,,,5797.0,4188.0,999998.0,866.0,-489590.0,-483549.0,-6041.0
2024-10-21,5215.2099609375,23542.529296875,104.01000213623047,32.04199981689453,4.182000160217285,18.3700008392334,18540.009765625,47.820823669433594,-830.60715,0.0,903.06502,,,-4544.0,-5179.0,999998.0,879.0,-224809.0,-231490.0,6681.0
2024-10-22,5190.7099609375,23535.4296875,104.08000183105469,32.05099868774414,4.203999996185303,18.200000762939453,18579.76953125,47.63972854614258,293.6941,0.0,1189.94707,,,-152.0,723.0,999998.0,875.0,-375689.0,-374824.0,-865.0
2024-10-23,5131.3701171875,23334.759765625,104.43000030517578,32.013999938964844,4.242000102996826,19.239999771118164,18276.650390625,47.32583236694336,-1901.32623,0.0,565.35549,,,-812.0,-5970.0,999998.0,894.0,-245412.0,-244976.0,-436.0
2024-10-24,5157.60986328125,23192.51953125,104.05999755859375,32.00400161743164,4.199999809265137,19.079999923706055,18415.490234375,47.03608322143555,-2008.9991,0.0,437.70908,,,518.0,1442.0,999998.0,923.0,-354459.0,-354859.0,400.0
2024-10-25,5212.830078125,23348.44921875,104.26000213623047,31.983800888061523,4.23199987411499,20.329999923706055,18518.609375,47.42241287231445,620.17025,0.0,358.48347,,,-2074.0,3277.0,999998.0,930.0,-257690.0,-257988.0,298.0
2024-10-28,5211.669921875,23198.0703125,104.31999969482422,32.06380081176758,4.2779998779296875,19.799999237060547,18567.189453125,47.33790588378906,473.53484,0.0,285.48589,,,-1205.0,-5700.0,999998.0,933.0,-394550.0,-400031.0,5481.0
2024-10-29,5332.169921875,22926.58984375,104.27999877929688,32.01380157470703,4.27400016784668,19.34000015258789,18712.75,46.2392692565918,-5554.19377,0.0,879.15218,,,-754.0,355.0,999998.0,922.0,-598920.0,-593763.0,-5157.0
2024-10-30,5153.490234375,22820.4296875,103.98999786376953,32.00299835205078,4.265999794006348,20.350000381469727,18607.9296875,46.311710357666016,-1622.3805,0.0,571.35017,,,1820.0,5056.0,999998.0,923.0,-376119.0,-381003.0,4884.0
2024-10-31,4946.75,,103.9800033569336,31.86549949645996,4.283999919891357,23.15999984741211,18095.150390625,,,,,,,,,,,,,
2024-11-01,5001.43017578125,22780.080078125,104.27999877929688,31.86280059814453,4.361000061035156,21.8799991607666,18239.919921875,45.9978141784668,-2237.45465,0.0,901.50107,,,-666.0,365.0,999998.0,926.0,-444083.0,-460045.0,15962.0
2024-11-04,4974.0,22965.390625,103.88999938964844,31.922800064086914,4.309000015258789,21.979999542236328,18179.98046875,46.589385986328125,-283.63283,0.0,689.05841,,,61.0,2371.0,999998.0,948.0,-312871.0,-324125.0,11254.0
2024-11-05,5057.830078125,23106.7890625,103.41999816894531,31.91200065612793,4.289000034332275,20.489999771118164,18439.169921875,46.75840377807617,1833.38535,0.0,825.0628,,,-1745.0,-3359.0,999998.0,969.0,-410040.0,-390093.0,-19947.0
2024-11-06,5215.56982421875,23217.380859375,105.08999633789062,31.82229995727539,4.426000118255615,16.270000457763672,18983.470703125,47.13266372680664,-629.94159,0.0,593.35595,,,-3252.0,-1673.0,999998.0,994.0,-368140.0,-372786.0,4646.0
2024-11-07,5333.990234375,23408.8203125,104.51000213623047,32.334598541259766,4.341000080108643,15.199999809265137,19269.4609375,47.67594528198242,4774.71757,0.0,515.34861,,,-1460.0,1284.0,999998.0,942.0,-458014.0,-468514.0,10500.0
2024-11-08,5290.52001953125,23553.890625,105.0,32.034000396728516,4.306000232696533,14.9399995803833,19286.779296875,48.05020523071289,-1751.23572,0.0,604.99669,,,1303.0,6266.0,999998.0,973.0,-321575.0,-337918.0,16343.0
2024-11-11,5156.39013671875,23529.640625,105.54000091552734,32.23500061035156,4.308000087738037,14.970000267028809,19298.759765625,48.07435607910156,223.4076,12.29298,712.99809,,,-5732.0,-15664.0,999998.0,964.0,-370000.0,-371582.0,1582.0
2024-11-12,5108.64013671875,22981.76953125,106.0199966430664,32.37480163574219,4.432000160217285,14.710000038146973,19281.400390625,46.842918395996094,-5683.47284,0.0,1000.27513,,,2322.0,1312.0,999998.0,964.0,-579944.0,-584072.0,4128.0
2024-11-13,5006.2900390625,22860.23046875,106.4800033569336,32.414798736572266,4.451000213623047,14.020000457763672,19230.720703125,46.54109191894531,-4030.8571,0.0,1119.46823,,,4413.0,5406.0,999998.0,926.0,-613531.0,-627348.0,13817.0
2024-11-14,5004.58984375,22715.380859375,106.66999816894531,32.40800094604492,4.418000221252441,14.3100004196167,19107.650390625,46.1185417175293,-4139.19932,0.0,1217.45774,,,-2397.0,-2078.0,999998.0,899.0,-501209.0,-488867.0,-12342.0
2024-11-15,4833.58984375,22742.76953125,106.69000244140625,32.537200927734375,4.427999973297119,16.139999389648438,18680.119140625,46.44451141357422,4943.13002,0.0,389.87001,,,1901.0,3381.0,999998.0,942.0,-343027.0,-331989.0,-11038.0
2024-11-18,4888.77001953125,22546.5390625,106.27999877929688,32.46179962158203,4.414000034332275,15.579999923706055,18791.810546875,45.79256820678711,143.08982,0.0,1943.87166,,,-1364.0,188.0,999998.0,951.0,-515585.0,-467218.0,-48367.0
2024-11-19,4919.16015625,22848.80078125,106.20999908447266,32.442298889160156,4.379000186920166,16.350000381469727,18987.470703125,46.42036437988281,2634.39073,0.0,2504.14506,,,3119.0,6782.0,999998.0,959.0,-415784.0,-439465.0,23681.0
2024-11-20,4884.25,22688.359375,106.68000030517578,32.32550048828125,4.406000137329102,17.15999984741211,18966.140625,46.227195739746094,-879.86883,0.0,2246.39942,,,-6226.0,-7885.0,999998.0,977.0,-488308.0,-513667.0,25359.0
2024-11-21,4963.0498046875,22555.66015625,106.97000122070312,32.471500396728516,4.432000160217285,16.8700008392334,18972.419921875,45.72013473510742,-1606.31235,0.0,2434.83499,,,522.0,-7225.0,999998.0,1000.0,-377453.0,-385215.0,7762.0
2024-11-22,4955.7998046875,22904.3203125,107.48999786376953,32.50529861450195,4.409999847412109,15.239999771118164,19003.650390625,46.613529205322266,268.3253,0.0,1923.56432,,,3606.0,13091.0,999998.0,995.0,-457688.0,-481940.0,24252.0
2024-11-25,4987.919921875,22948.369140625,106.81999969482422,32.56850051879883,4.264999866485596,14.600000381469727,19054.83984375,46.44451141357422,3042.97673,1.62768,950.64574,,,-6546.0,-10887.0,999998.0,1002.0,-280621.0,-285319.0,4698.0
2024-11-26,4927.56005859375,22678.759765625,107.01000213623047,32.332000732421875,4.302000045776367,14.100000381469727,19174.30078125,45.84086608886719,-1000.12461,0.0,951.41307,,,-460.0,-6345.0,999998.0,1000.0,-395132.0,-408789.0,13657.0
2024-11-27,4853.009765625,22334.779296875,106.08000183105469,32.404998779296875,4.242000102996826,14.100000381469727,19060.48046875,45.176856994628906,-3191.78015,0.0,956.56959,,,3218.0,1872.0,999998.0,985.0,-487875.0,-497870.0,9995.0
2024-11-28,,22298.900390625,,32.414798736572266,,,,45.10441589355469,-1292.43348,0.0,1048.17453,,,-2011.0,1307.0,999998.0,978.0,-494554.0,-519719.0,25165.0
2024-11-29,4926.56005859375,22262.5,105.73999786376953,32.494300842285156,4.177999973297119,13.510000228881836,19218.169921875,45.21307373046875,-2389.27425,0.0,981.18361,,,2231.0,-256.0,999998.0,953.0,-333147.0,-338989.0,5842.0
2024-12-02,5055.31982421875,22736.9296875,106.44999694824219,32.43899917602539,4.196000099182129,13.34000015258789,19403.94921875,46.28756332397461,,,,,,4980.0,9019.0,999998.0,955.0,-361331.0,-385077.0,23746.0
2024-12-03,5035.85986328125,23027.4609375,106.37000274658203,32.59149932861328,4.2230000495910645,13.300000190734863,19480.91015625,46.91535568237305,,,,,,-1528.0,3347.0,999998.0,975.0,-286993.0,-279174.0,-7819.0
2024-12-04,5121.77978515625,23255.330078125,106.33999633789062,32.4640007019043,4.179999828338623,13.449999809265137,19735.119140625,47.193031311035156,,,,,,-810.0,-450.0,999998.0,983.0,-283821.0,-288699.0,4878.0
2024-12-05,5026.3701171875,23267.939453125,105.70999908447266,32.3129997253418,4.179999828338623,13.539999961853027,19700.259765625,47.446563720703125,,,,,,579.0,-2175.0,999998.0,967.0,-196451.0,-199673.0,3222.0
2024-12-06,5061.2998046875,23193.26953125,105.97000122070312,32.32279968261719,4.151000022888184,12.770000457763672,19859.76953125,47.26546859741211,,,,,,2025.0,1896.0,999998.0,964.0,-257168.0,-247834.0,-9334.0
2024-12-09,5018.83984375,23273.25,106.1500015258789,32.38800048828125,4.198999881744385,14.1899995803833,19736.689453125,47.32583236694336,,,,,,-1486.0,-1292.0,999998.0,1021.0,-224906.0,-225055.0,149.0
2024-12-10,4894.7001953125,23125.080078125,106.4000015258789,32.37080001831055,4.2210001945495605,14.180000305175781,19687.240234375,46.98779296875,,,,,,533.0,300.0,999998.0,1051.0,-343551.0,-344834.0,1283.0
2024-12-11,5027.7998046875,22903.630859375,106.70999908447266,32.523799896240234,4.270999908447266,13.579999923706055,20034.890625,46.577308654785156,,,,,,-2285.0,-3707.0,999998.0,1026.0,-442392.0,-453386.0,10994.0
2024-12-12,4982.18994140625,23046.80078125,106.95999908447266,32.485801696777344,4.323999881744385,13.920000076293945,19902.83984375,47.1205940246582,,,,,,468.0,1935.0,999998.0,1039.0,-202754.0,-205601.0,2847.0
2024-12-13,5149.77978515625,23020.48046875,107.0,32.465999603271484,4.39900016784668,13.8100004196167,19926.720703125,47.15681457519531,,,,,,-1680.0,-2049.0,999998.0,1025.0,-279878.0,-288222.0,8344.0
2024-12-16,5256.06005859375,23039.900390625,106.86000061035156,32.49829864501953,4.396999835968018,14.6899995803833,20173.890625,47.349979400634766,,,,,,1055.0,1282.0,999998.0,1041.0,-335048.0,-325002.0,-10046.0
2024-12-17,5169.7900390625,23018.009765625,106.95999908447266,32.41699981689453,4.385000228881836,15.869999885559082,20109.060546875,47.5914421081543,,,,,,1055.0,2408.0,999998.0,1038.0,-260119.0,-259025.0,-1094.0
2024-12-18,4970.97998046875,23168.669921875,108.02999877929688,32.4297981262207,4.49399995803833,27.6200008392334,19392.689453125,47.5914421081543,,,,,,1717.0,2561.0,999998.0,609.0,-397236.0,-405069.0,7833.0
2024-12-19,4893.47021484375,22932.25,108.41000366210938,32.678001403808594,4.570000171661377,24.09000015258789,19372.76953125,46.93949890136719,,,,,,-1713.0,-8924.0,999998.0,732.0,-340099.0,-364020.0,23921.0
2024-12-20,4964.91015625,22510.25,107.62000274658203,32.630001068115234,4.52400016784668,18.360000610351562,19572.599609375,46.50487518310547,,,,,,2040.0,-2319.0,999998.0,725.0,-357238.0,-375787.0,18549.0
2024-12-23,5118.75,23104.5390625,108.04000091552734,32.61600112915039,4.598999977111816,16.780000686645508,19764.880859375,47.62765884399414,,,,,,2573.0,13482.0,999998.0,731.0,-349872.0,-357693.0,7821.0
2024-12-24,5173.56005859375,23120.240234375,108.26000213623047,32.608001708984375,4.591000080108643,14.270000457763672,20031.130859375,47.760459899902344,,,,,,-2617.0,-5532.0,999998.0,763.0,-235966.0,-235606.0,-360.0
2024-12-25,,23220.130859375,,32.61399841308594,,,,47.905330657958984,,,,,,-823.0,366.0,999998.0,761.0,-132613.0,-130867.0,-1746.0
2024-12-26,5175.31005859375,23246.939453125,108.12999725341797,32.70790100097656,4.578999996185303,14.729999542236328,20020.359375,47.869110107421875,,,,,,-1656.0,-3826.0,999998.0,763.0,-80196.0,-81891.0,1695.0
2024-12-27,5122.97021484375,23275.6796875,108.0,32.721500396728516,4.61899995803833,15.949999809265137,19722.029296875,48.02606201171875,,,,,,2059.0,3078.0,999998.0,737.0,-227302.0,-243026.0,15724.0
2024-12-30,5026.509765625,23190.19921875,108.12999725341797,32.80849838256836,4.545000076293945,17.399999618530273,19486.7890625,47.760459899902344,,,,,,-2331.0,-6626.0,999998.0,785.0,-212623.0,-213297.0,674.0
